universe,metric,dimension,segment,n,adults,adults_served,share_served,unserved_adults,national_share,gap_pp,low_confidence,relative_lag,gap_adults
all_adults,any_access,age_group,18-25,3997,7869764.6248,6048314.8824,0.7686,1821449.7423,0.9006,-13.2083,false,0.1466,1038808.9305
all_adults,any_access,education,Some secondary,2045,3187036.4105,2477546.7568,0.7774,709489.6537,0.9006,-12.3251,false,0.1368,392642.8858
all_adults,any_access,education,None,3021,2745941.3393,2288586.9039,0.8334,457354.4353,0.9006,-6.719,false,0.0746,184527.258
all_adults,any_access,county,Turkana,388,486734.4692,333178.7375,0.6845,153555.7316,0.9006,-21.6115,false,0.24,105183.3188
all_adults,any_access,county,Trans Nzoia,149,534486.2565,422319.1692,0.7901,112167.0874,0.9006,-11.0493,false,0.1227,59060.7313
all_adults,any_access,county,Migori,511,583081.0312,472099.2839,0.8097,110981.7473,0.9006,-9.0971,false,0.1009,53002.0657
all_adults,any_access,county,West Pokot,349,287831.4883,210006.1421,0.7296,77825.3462,0.9006,-17.1019,false,0.1899,49219.1845
all_adults,any_access,county,Narok,385,577188.7596,476541.5861,0.8256,100647.1735,0.9006,-7.5009,false,0.0833,43289.157
all_adults,any_access,county,Busia,369,481049.2494,404511.8542,0.8409,76537.3951,0.9006,-5.9739,false,0.0663,28718.6402
all_adults,any_access,county,Baringo,360,355688.567,296121.5781,0.8325,59566.9889,0.9006,-6.8103,false,0.0756,24222.3914
all_adults,any_access,county,Kwale,359,463991.5198,393860.1245,0.8489,70131.3953,0.9006,-5.1782,false,0.0574,23988.3616
all_adults,any_access,county,Marsabit,341,229903.1829,189442.2314,0.824,40460.9515,0.9006,-7.6625,false,0.0851,17610.5838
all_adults,any_access,county,Tana River,307,162130.6529,134997.6817,0.8326,27132.9712,0.9006,-6.7986,false,0.0755,11024.8844
all_adults,bank,education,None,3021,2745941.3393,507024.4933,0.1846,2238916.846,0.5249,-34.0289,false,0.6483,934443.8378
all_adults,bank,sex,Female,11739,14493608.7579,6742734.5623,0.4652,7750874.1957,0.5249,-5.9713,false,0.1137,865268.4428
all_adults,bank,age_group,18-25,3997,7869764.6248,3362226.693,0.4272,4507537.9318,0.5249,-9.7701,false,0.1861,768876.0038
all_adults,bank,education,Some primary,3567,4602544.3325,1647175.842,0.3579,2955368.4905,0.5249,-16.7051,false,0.3182,768624.9035
all_adults,bank,education,Some secondary,2045,3187036.4105,1279422.3579,0.4014,1907614.0526,0.5249,-12.3489,false,0.2353,393598.9967
all_adults,bank,age_group,Above 55,3905,4016548.4641,1748790.8449,0.4354,2267757.6192,0.5249,-8.9538,false,0.1705,359481.0875
all_adults,bank,education,Primary completed,3802,5223129.3508,2401206.7323,0.4597,2821922.6185,0.5249,-6.5209,false,0.1242,340548.0337
all_adults,bank,county,Turkana,388,486734.4692,122844.4457,0.2524,363890.0234,0.5249,-27.255,false,0.5191,132635.1429
all_adults,bank,county,Kilifi,504,806712.7777,295658.036,0.3665,511054.7417,0.5249,-15.8437,false,0.3018,127783.304
all_adults,bank,county,Wajir,376,364640.4097,76982.8959,0.2111,287657.5138,0.5249,-31.3814,false,0.5978,114424.1606
all_adults,bank,county,Garissa,282,427934.5739,118635.0153,0.2772,309299.5585,0.5249,-24.7708,false,0.4719,105999.394
all_adults,bank,county,Mandera,348,360658.6492,94049.4972,0.2608,266609.152,0.5249,-26.4163,false,0.5031,95249.9493
all_adults,bank,county,West Pokot,349,287831.4883,59128.5215,0.2054,228702.9668,0.5249,-31.9507,false,0.6087,91962.1605
all_adults,bank,county,Migori,511,583081.0312,218214.6125,0.3742,364866.4187,0.5249,-15.069,false,0.2871,87870.3114
all_adults,bank,county,Narok,385,577188.7596,229618.0046,0.3978,347570.755,0.5249,-12.7113,false,0.2421,73360.6913
all_adults,bank,county,Marsabit,341,229903.1829,48893.8845,0.2127,181009.2984,0.5249,-31.2263,false,0.5948,71775.7737
all_adults,bank,county,Kwale,359,463991.5198,174309.1301,0.3757,289682.3897,0.5249,-14.9261,false,0.2842,69227.5348
all_adults,bank,county,Homabay,462,594237.141,254705.5505,0.4286,339531.5905,0.5249,-9.6308,false,0.1835,57225.0367
all_adults,bank,county,Kitui,396,645462.4421,287657.5462,0.4457,357804.896,0.5249,-7.9273,false,0.1509,51120.6254
all_adults,bank,county,Tana River,307,162130.6529,45471.6386,0.2805,116659.0143,0.5249,-24.4472,false,0.4656,39624.7316
all_adults,bank,county,Busia,369,481049.2494,214171.2091,0.4452,266878.0403,0.5249,-7.9718,false,0.1518,38339.6252
all_adults,bank,county,Baringo,360,355688.567,148569.5509,0.4177,207119.0161,0.5249,-10.7239,false,0.2042,38129.8144
all_adults,bank,county,Nyamira,463,350968.5193,149753.7453,0.4267,201214.774,0.5249,-9.8247,false,0.1871,34465.1086
all_adults,bank,county,Kericho,433,511505.0319,234461.8788,0.4584,277043.153,0.5249,-6.6558,false,0.1267,34015.0846
all_adults,bank,county,Siaya,393,548128.5248,255257.9026,0.4657,292870.6222,0.5249,-5.9245,false,0.1128,32449.2087
all_adults,bank,county,Tharaka-Nithi,405,250143.9039,111006.5734,0.4438,139137.3305,0.5249,-8.1164,false,0.1545,20286.6706
all_adults,bank,county,Samburu,299,155103.6455,61880.3844,0.399,93223.2611,0.5249,-12.5973,false,0.2399,19527.549
all_adults,bank,county,Lamu,239,93092.0178,30475.0684,0.3274,62616.9494,0.5249,-19.757,false,0.3763,18385.6735
all_adults,bank,county,Isiolo,277,152207.825,72033.6701,0.4733,80174.1549,0.5249,-5.1676,false,0.0983,7853.9238
all_adults,digital_credit,age_group,18-25,3997,7869764.6248,100900.942,0.0128,7768863.6828,0.0238,-1.0933,false,0.4622,86567.4109
all_adults,digital_credit,age_group,Above 55,3905,4016548.4641,23623.6612,0.0059,3992924.8029,0.0238,-1.7873,false,0.7521,71896.2175
all_adults,digital_credit,education,Some primary,3567,4602544.3325,38423.1504,0.0083,4564121.182,0.0238,-1.5406,false,0.6513,71339.4372
all_adults,digital_credit,education,None,3021,2745941.3393,320.1253,0.0001,2745621.2139,0.0238,-2.3638,false,0.9958,65078.8097
all_adults,digital_credit,education,Primary completed,3802,5223129.3508,72435.2773,0.0139,5150694.0734,0.0238,-0.9886,false,0.416,51708.9806
all_adults,digital_credit,education,Some secondary,2045,3187036.4105,41004.0596,0.0129,3146032.3509,0.0238,-1.0888,false,0.458,34738.6969
all_adults,digital_credit,age_group,46-55,2545,3012525.7976,47472.6878,0.0158,2965053.1098,0.0238,-0.7996,false,0.3361,24100.2064
all_adults,digital_credit,county,Kisii,486,703778.4032,3645.1069,0.0052,700133.2963,0.0238,-1.8575,false,0.7815,13090.2783
all_adults,digital_credit,county,Makueni,440,596725.5193,2164.5381,0.0036,594560.9812,0.0238,-2.0127,false,0.8487,12053.8555
all_adults,digital_credit,county,Siaya,393,548128.5248,2151.6614,0.0039,545976.8634,0.0238,-1.9829,false,0.8361,10907.7576
all_adults,digital_credit,county,Machakos,477,911529.1895,11232.7481,0.0123,900296.4414,0.0238,-1.1431,false,0.4832,10482.5857
all_adults,digital_credit,county,Garissa,282,427934.5739,309.6114,0.0007,427624.9625,0.0238,-2.3031,false,0.9706,9885.2887
all_adults,digital_credit,county,Turkana,388,486734.4692,2845.579,0.0058,483888.8902,0.0238,-1.7908,false,0.7563,8761.2204
all_adults,digital_credit,county,Kitui,396,645462.4421,6721.436,0.0104,638741.0061,0.0238,-1.3341,false,0.563,8649.1967
all_adults,digital_credit,county,Mandera,348,360658.6492,0.0,0.0,360658.6492,0.0238,-2.3754,false,1.0,8583.6759
all_adults,digital_credit,county,Bungoma,495,854632.3786,12177.3456,0.0142,842455.0331,0.0238,-0.9506,false,0.4034,8204.4708
all_adults,digital_credit,county,Kilifi,504,806712.7777,11314.3156,0.014,795398.4621,0.0238,-0.9729,false,0.4118,7905.7852
all_adults,digital_credit,county,Homabay,462,594237.141,6429.1658,0.0108,587807.9751,0.0238,-1.2935,false,0.5462,7725.0828
all_adults,digital_credit,county,Kakamega,539,1006907.1142,16957.2014,0.0168,989949.9128,0.0238,-0.6913,false,0.2941,7048.3498
all_adults,digital_credit,county,Murang'a,493,686152.1427,9587.8656,0.014,676564.2771,0.0238,-0.9781,false,0.4118,6724.291
all_adults,digital_credit,county,Meru,611,957274.1252,16061.0317,0.0168,941213.0935,0.0238,-0.6976,false,0.2941,6700.9189
all_adults,digital_credit,county,Nyamira,463,350968.5193,2498.7577,0.0071,348469.7616,0.0238,-1.6635,false,0.7017,5861.1743
all_adults,digital_credit,county,Marsabit,341,229903.1829,0.0,0.0,229903.1829,0.0238,-2.3754,false,1.0,5471.6958
all_adults,digital_credit,county,West Pokot,349,287831.4883,1471.8794,0.0051,286359.6089,0.0238,-1.864,false,0.7857,5382.4488
all_adults,digital_credit,county,Laikipia,361,315296.6932,2207.2885,0.007,313089.4047,0.0238,-1.6753,false,0.7059,5296.9844
all_adults,digital_credit,county,Nyandarua,406,399887.5015,4722.5205,0.0118,395164.9809,0.0238,-1.1945,false,0.5042,4798.65
all_adults,digital_credit,county,Trans Nzoia,149,534486.2565,8332.0791,0.0156,526154.1774,0.0238,-0.8165,false,0.3445,4382.7873
all_adults,digital_credit,county,Taita-Taveta,374,217575.7223,961.2016,0.0044,216614.5207,0.0238,-1.9336,false,0.8151,4220.969
all_adults,digital_credit,county,Busia,369,481049.2494,7288.7109,0.0152,473760.5385,0.0238,-0.8602,false,0.3613,4137.0235
all_adults,digital_credit,county,Bomet,499,477064.973,7291.988,0.0153,469772.985,0.0238,-0.8469,false,0.3571,4055.0523
all_adults,digital_credit,county,Tana River,307,162130.6529,0.0,0.0,162130.6529,0.0238,-2.3754,false,1.0,3858.7095
all_adults,digital_credit,county,Kwale,359,463991.5198,7340.573,0.0158,456650.9468,0.0238,-0.7934,false,0.3361,3711.9322
all_adults,digital_credit,county,Wajir,376,364640.4097,4981.1125,0.0137,359659.2972,0.0238,-1.0094,false,0.4244,3682.8681
all_adults,digital_credit,county,Samburu,299,155103.6455,82.2409,0.0005,155021.4046,0.0238,-2.3224,false,0.979,3613.9149
all_adults,digital_credit,county,Kirinyaga,498,427716.5776,6712.3843,0.0157,421004.1933,0.0238,-0.8061,false,0.3403,3464.5043
all_adults,digital_credit,county,Baringo,360,355688.567,5282.9437,0.0149,350405.6233,0.0238,-0.8901,false,0.3739,3165.6282
all_adults,digital_credit,county,Isiolo,277,152207.825,865.9494,0.0057,151341.8755,0.0238,-1.8065,false,0.7605,2754.9616
all_adults,digital_credit,county,Lamu,239,93092.0178,0.0,0.0,93092.0178,0.0238,-2.3754,false,1.0,2215.59
all_adults,formal_access,age_group,18-25,3997,7869764.6248,5433508.6224,0.6904,2436256.0024,0.8483,-15.7896,false,0.1861,1242635.8343
all_adults,formal_access,education,Some secondary,2045,3187036.4105,2209321.6209,0.6932,977714.7895,0.8483,-15.5103,false,0.1828,494309.3473
all_adults,formal_access,education,Some primary,3567,4602544.3325,3628969.5707,0.7885,973574.7617,0.8483,-5.9854,false,0.0705,275232.1511
all_adults,formal_access,education,None,3021,2745941.3393,2069679.8527,0.7537,676261.4865,0.8483,-9.4601,false,0.1115,259766.0507
all_adults,formal_access,county,West Pokot,349,287831.4883,139514.1439,0.4847,148317.3444,0.8483,-36.3616,false,0.4286,104655.5291
all_adults,formal_access,county,Turkana,388,486734.4692,320595.0192,0.6587,166139.45,0.8483,-18.9659,false,0.2235,92284.8554
all_adults,formal_access,county,Migori,511,583081.0312,425210.1923,0.7292,157870.8388,0.8483,-11.9077,false,0.1404,69444.9508
all_adults,formal_access,county,Narok,385,577188.7596,422050.8509,0.7312,155137.9086,0.8483,-11.7106,false,0.138,67588.8037
all_adults,formal_access,county,Kilifi,504,806712.7777,628415.7432,0.779,178297.0345,0.8483,-6.9341,false,0.0817,55905.1955
all_adults,formal_access,county,Bungoma,495,854632.3786,671137.8355,0.7853,183494.5432,0.8483,-6.303,false,0.0743,53841.8399
all_adults,formal_access,county,Kakamega,539,1006907.1142,801628.0791,0.7961,205279.035,0.8483,-5.2195,false,0.0615,52560.5514
all_adults,formal_access,county,Trans Nzoia,149,534486.2565,414157.1511,0.7749,120329.1054,0.8483,-7.3454,false,0.0865,39231.2912
all_adults,formal_access,county,Busia,369,481049.2494,370075.3602,0.7693,110973.8892,0.8483,-7.9015,false,0.0931,38002.8907
all_adults,formal_access,county,Baringo,360,355688.567,271332.3919,0.7628,84356.1751,0.8483,-8.5487,false,0.1008,30411.3725
all_adults,formal_access,county,Kericho,433,511505.0319,403922.8845,0.7897,107582.1474,0.8483,-5.8649,false,0.0691,29974.1949
all_adults,formal_access,county,Kwale,359,463991.5198,369997.0562,0.7974,93994.4637,0.8483,-5.0902,false,0.06,23617.1684
all_adults,formal_access,county,Vihiga,403,332080.8641,262531.6127,0.7906,69549.2514,0.8483,-5.7759,false,0.068,19161.0659
all_adults,formal_access,county,Marsabit,341,229903.1829,181940.631,0.7914,47962.5519,0.8483,-5.6945,false,0.0671,13081.4911
all_adults,formal_access,county,Tana River,307,162130.6529,125460.6626,0.7738,36669.9903,0.8483,-7.45,false,0.0878,12078.7336
all_adults,insurance,age_group,18-25,3997,7869764.6248,837184.3481,0.1064,7032580.2766,0.2198,-11.3427,false,0.5159,892431.3085
all_adults,insurance,sex,Female,11739,14493608.7579,2335086.6064,0.1611,12158522.1515,0.2198,-5.8695,false,0.2671,850774.8341
all_adults,insurance,education,Some primary,3567,4602544.3325,529911.1933,0.1151,4072633.1391,0.2198,-10.4672,false,0.4763,481886.3916
all_adults,insurance,education,None,3021,2745941.3393,162059.6529,0.059,2583881.6863,0.2198,-16.0789,false,0.7316,441547.3674
all_adults,insurance,education,Primary completed,3802,5223129.3508,764681.214,0.1464,4458448.1367,0.2198,-7.3404,false,0.3339,383377.6943
all_adults,insurance,education,Some secondary,2045,3187036.4105,433893.3247,0.1361,2753143.0858,0.2198,-8.3663,false,0.3808,266754.9476
all_adults,insurance,county,Kitui,396,645462.4421,55798.7967,0.0864,589663.6454,0.2198,-13.3359,false,0.6069,86104.6898
all_adults,insurance,county,Kakamega,539,1006907.1142,138879.3846,0.1379,868027.7295,0.2198,-8.188,false,0.3726,82465.6927
all_adults,insurance,county,Makueni,440,596725.5193,63432.5582,0.1063,533292.9612,0.2198,-11.3506,false,0.5164,67728.3464
all_adults,insurance,county,Turkana,388,486734.4692,42368.0136,0.087,444366.4556,0.2198,-13.2761,false,0.6042,64638.3375
all_adults,insurance,county,Kilifi,504,806712.7777,121168.1636,0.1502,685544.6141,0.2198,-6.9607,false,0.3167,56147.2093
all_adults,insurance,county,Garissa,282,427934.5739,39589.1832,0.0925,388345.3906,0.2198,-12.7294,false,0.5792,54476.0713
all_adults,insurance,county,Wajir,376,364640.4097,27952.8419,0.0767,336687.5678,0.2198,-14.3148,false,0.651,52180.0426
all_adults,insurance,county,Siaya,393,548128.5248,71041.7216,0.1296,477086.8031,0.2198,-9.0199,false,0.4104,49441.1929
all_adults,insurance,county,Bungoma,495,854632.3786,138745.8667,0.1623,715886.5119,0.2198,-5.7461,false,0.2616,49141.3618
all_adults,insurance,county,West Pokot,349,287831.4883,21437.8718,0.0745,266393.6165,0.2198,-14.5326,false,0.6611,41821.9152
all_adults,insurance,county,Busia,369,481049.2494,65489.6761,0.1361,415559.5733,0.2198,-8.3667,false,0.3808,40263.8222
all_adults,insurance,county,Migori,511,583081.0312,88659.6271,0.1521,494421.4041,0.2198,-6.7753,false,0.308,39474.5858
all_adults,insurance,county,Kwale,359,463991.5198,63992.4773,0.1379,399999.0425,0.2198,-8.1889,false,0.3726,38000.9055
all_adults,insurance,county,Narok,385,577188.7596,90960.5768,0.1576,486228.1828,0.2198,-6.2214,false,0.283,35901.1408
all_adults,insurance,county,Homabay,462,594237.141,98468.4205,0.1657,495768.7205,0.2198,-5.4101,false,0.2461,32148.2293
all_adults,insurance,county,Baringo,360,355688.567,46058.3173,0.1295,309630.2497,0.2198,-9.0316,false,0.4108,32118.6776
all_adults,insurance,county,Marsabit,341,229903.1829,19434.9542,0.0845,210468.2287,0.2198,-13.5271,false,0.6156,31105.9006
all_adults,insurance,county,Mandera,348,360658.6492,49378.3298,0.1369,311280.3194,0.2198,-8.2895,false,0.3772,29898.602
all_adults,insurance,county,Trans Nzoia,149,534486.2565,87764.7738,0.1642,446721.4827,0.2198,-5.5603,false,0.253,29717.4359
all_adults,insurance,county,Tana River,307,162130.6529,9654.1076,0.0595,152476.5453,0.2198,-16.0261,false,0.7293,25989.5437
all_adults,insurance,county,Vihiga,403,332080.8641,49368.1149,0.1487,282712.7493,0.2198,-7.1144,false,0.3235,23610.9494
all_adults,insurance,county,Lamu,239,93092.0178,7288.8479,0.0783,85803.1698,0.2198,-14.1509,false,0.6438,13172.5205
all_adults,insurance,county,Samburu,299,155103.6455,21597.6011,0.1392,133506.0443,0.2198,-8.056,false,0.3667,12501.3538
all_adults,insurance,county,Taita-Taveta,374,217575.7223,36772.6318,0.169,180803.0905,0.2198,-5.0796,false,0.2311,11052.8467
all_adults,loan,age_group,18-25,3997,7869764.6248,3960895.2351,0.5033,3908869.3896,0.6398,-13.6506,false,0.2133,1074222.8713
all_adults,loan,age_group,Above 55,3905,4016548.4641,2000893.6357,0.4982,2015654.8284,0.6398,-14.1649,false,0.2213,568743.2625
all_adults,loan,education,None,3021,2745941.3393,1216719.0355,0.4431,1529222.3038,0.6398,-19.6714,false,0.3074,540126.6614
all_adults,loan,education,Some secondary,2045,3187036.4105,1798498.6608,0.5643,1388537.7497,0.6398,-7.5494,false,0.118,240621.249
all_adults,loan,county,Turkana,388,486734.4692,230290.776,0.4731,256443.6932,0.6398,-16.6677,false,0.2606,81138.636
all_adults,loan,county,Garissa,282,427934.5739,195790.1362,0.4575,232144.4376,0.6398,-18.2288,false,0.2849,78012.4728
all_adults,loan,county,Kitui,396,645462.4421,340501.3042,0.5275,304961.1379,0.6398,-11.228,false,0.1755,72485.4322
all_adults,loan,county,Nakuru,542,1322608.9185,777021.4731,0.5875,545587.4455,0.6398,-5.232,false,0.0817,69172.4464
all_adults,loan,county,Wajir,376,364640.4097,164128.8807,0.4501,200511.529,0.6398,-18.9699,false,0.2965,69172.2857
all_adults,loan,county,Narok,385,577188.7596,314690.0256,0.5452,262498.734,0.6398,-9.4599,false,0.1479,54602.0567
all_adults,loan,county,Trans Nzoia,149,534486.2565,294864.5894,0.5517,239621.6672,0.6398,-8.8133,false,0.1377,47088.2392
all_adults,loan,county,Marsabit,341,229903.1829,103515.2675,0.4503,126387.9154,0.6398,-18.9555,false,0.2962,43566.6532
all_adults,loan,county,Mandera,348,360658.6492,187263.0009,0.5192,173395.6483,0.6398,-12.0586,false,0.1885,43495.4331
all_adults,loan,county,Nyamira,463,350968.5193,181429.3034,0.5169,169539.2159,0.6398,-12.2872,false,0.1921,43134.031
all_adults,loan,county,Kwale,359,463991.5198,257149.5248,0.5542,206841.9951,0.6398,-8.5599,false,0.1338,39717.6741
all_adults,loan,county,Tana River,307,162130.6529,67830.812,0.4184,94299.8409,0.6398,-22.144,false,0.346,35895.7266
all_adults,loan,county,Makueni,440,596725.5193,351240.2151,0.5886,245485.3042,0.6398,-5.1198,false,0.08,30552.3466
all_adults,loan,county,Kirinyaga,498,427716.5776,245471.5305,0.5739,182245.0472,0.6398,-6.5899,false,0.103,28186.5225
all_adults,loan,county,Lamu,239,93092.0178,32490.448,0.349,60601.5698,0.6398,-29.0797,false,0.4545,27071.1588
all_adults,loan,county,Kericho,433,511505.0319,300549.1811,0.5876,210955.8508,0.6398,-5.2233,false,0.0816,26700.5627
all_adults,loan,county,West Pokot,349,287831.4883,166610.5911,0.5788,121220.8972,0.6398,-6.0963,false,0.0953,17557.7208
all_adults,mobile_money,age_group,18-25,3997,7869764.6248,6503476.3942,0.8264,1366288.2306,0.8924,-6.6006,false,0.074,519404.4652
all_adults,mobile_money,education,None,3021,2745941.3393,2042966.9551,0.744,702974.3842,0.8924,-14.8398,false,0.1663,407497.6948
all_adults,mobile_money,age_group,Above 55,3905,4016548.4641,3270348.2717,0.8142,746200.1924,0.8924,-7.8175,false,0.0876,314094.0899
all_adults,mobile_money,education,Some secondary,2045,3187036.4105,2578518.0953,0.8091,608518.3152,0.8924,-8.3329,false,0.0933,265480.133
all_adults,mobile_money,county,West Pokot,349,287831.4883,142741.9684,0.4959,145089.5199,0.8924,-39.6471,false,0.4443,114125.1851
all_adults,mobile_money,county,Turkana,388,486734.4692,326967.9497,0.6718,159766.5194,0.8924,-22.0635,false,0.2472,107373.6239
all_adults,mobile_money,county,Baringo,360,355688.567,243847.9608,0.6856,111840.6062,0.8924,-20.6827,false,0.2317,73556.3957
all_adults,mobile_money,county,Trans Nzoia,149,534486.2565,406380.6097,0.7603,128105.6468,0.8924,-13.2073,false,0.148,70605.6345
all_adults,mobile_money,county,Narok,385,577188.7596,469314.2314,0.8131,107874.5282,0.8924,-7.929,false,0.0889,45771.0686
all_adults,mobile_money,county,Kericho,433,511505.0319,415830.7833,0.813,95674.2486,0.8924,-7.9438,false,0.089,40613.4995
all_adults,mobile_money,county,Busia,369,481049.2494,392366.9701,0.8156,88682.2793,0.8924,-7.6745,false,0.0861,36944.5824
all_adults,mobile_money,county,Kitui,396,645462.4421,543162.4813,0.8415,102299.9608,0.8924,-5.0884,false,0.057,32854.0383
all_adults,mobile_money,county,Vihiga,403,332080.8641,274350.9342,0.8262,57729.9299,0.8924,-6.6236,false,0.0742,21983.7532
all_adults,pension,sex,Female,11739,14493608.7579,1115581.5047,0.077,13378027.2532,0.1179,-4.0919,false,0.3469,592788.5982
all_adults,pension,age_group,18-25,3997,7869764.6248,417733.3758,0.0531,7452031.249,0.1179,-6.4808,false,0.5496,509960.7477
all_adults,pension,education,Primary completed,3802,5223129.3508,259904.6734,0.0498,4963224.6774,0.1179,-6.8129,false,0.5776,355695.1088
all_adults,pension,education,Some primary,3567,4602544.3325,187886.6169,0.0408,4414657.7155,0.1179,-7.7067,false,0.6539,354856.168
all_adults,pension,education,None,3021,2745941.3393,25642.8672,0.0093,2720298.472,0.1179,-10.8551,false,0.9211,298209.2294
all_adults,pension,education,Some secondary,2045,3187036.4105,155419.6694,0.0488,3031616.7411,0.1179,-6.9123,false,0.5861,220224.216
all_adults,pension,age_group,Above 55,3905,4016548.4641,272518.2481,0.0678,3744030.216,0.1179,-5.004,false,0.4249,201229.0781
all_adults,pension,county,Meru,611,957274.1252,49991.1402,0.0522,907282.985,0.1179,-6.5667,false,0.5573,62892.91
all_adults,pension,county,Kakamega,539,1006907.1142,73310.2942,0.0728,933596.82,0.1179,-4.5082,false,0.3825,45411.5109
all_adults,pension,county,Homabay,462,594237.141,25924.0711,0.0436,568313.0698,0.1179,-7.4263,false,0.6302,44151.8196
all_adults,pension,county,Kitui,396,645462.4421,34729.2205,0.0538,610733.2216,0.1179,-6.4084,false,0.5437,41374.1425
all_adults,pension,county,Mandera,348,360658.6492,3167.2795,0.0088,357491.3698,0.1179,-10.9107,false,0.9254,39347.8586
all_adults,pension,county,Wajir,376,364640.4097,6713.6933,0.0184,357926.7164,0.1179,-9.9477,false,0.8439,36281.7208
all_adults,pension,county,Murang'a,493,686152.1427,46907.5889,0.0684,639244.5537,0.1179,-4.9526,false,0.4198,33964.5311
all_adults,pension,county,Makueni,440,596725.5193,41563.5399,0.0697,555161.9794,0.1179,-4.8236,false,0.4088,28762.17
all_adults,pension,county,Siaya,393,548128.5248,37602.9232,0.0686,510525.6016,0.1179,-4.9287,false,0.4182,27022.7363
all_adults,pension,county,Busia,369,481049.2494,30674.4452,0.0638,450374.8042,0.1179,-5.4123,false,0.4589,26024.7644
all_adults,pension,county,Kisii,486,703778.4032,57243.9052,0.0813,646534.498,0.1179,-3.6551,false,0.3104,25758.2896
all_adults,pension,county,Turkana,388,486734.4692,31638.7812,0.065,455095.6879,0.1179,-5.2887,false,0.4487,25748.2534
all_adults,pension,county,Nyamira,463,350968.5193,18339.8247,0.0523,332628.6946,0.1179,-6.5634,false,0.5564,23023.5349
all_adults,pension,county,West Pokot,349,287831.4883,11083.7066,0.0385,276747.7816,0.1179,-7.9382,false,0.6735,22853.8202
all_adults,pension,county,Migori,511,583081.0312,48150.0802,0.0826,534930.9509,0.1179,-3.531,false,0.2994,20582.7604
all_adults,pension,county,Tharaka-Nithi,405,250143.9039,10184.3322,0.0407,239959.5717,0.1179,-7.7175,false,0.6548,19311.1094
all_adults,pension,county,Kwale,359,463991.5198,36121.8623,0.0779,427869.6575,0.1179,-4.0039,false,0.3393,18559.6608
all_adults,pension,county,Marsabit,341,229903.1829,8793.6937,0.0382,221109.4892,0.1179,-7.964,false,0.676,18323.2837
all_adults,pension,county,Baringo,360,355688.567,27692.6584,0.0779,327995.9086,0.1179,-4.0033,false,0.3393,14227.5427
all_adults,pension,county,Garissa,282,427934.5739,37385.0354,0.0874,390549.5385,0.1179,-3.0528,false,0.2587,13052.0045
all_adults,pension,county,Vihiga,403,332080.8641,26126.5167,0.0787,305954.3474,0.1179,-3.9214,false,0.3325,13017.5699
all_adults,pension,county,Tana River,307,162130.6529,6201.084,0.0382,155929.5689,0.1179,-7.9642,false,0.676,12921.813
all_adults,pension,county,Lamu,239,93092.0178,3891.0552,0.0418,89200.9625,0.1179,-7.6091,false,0.6455,7084.3026
all_adults,pension,county,Samburu,299,155103.6455,11965.923,0.0771,143137.7225,0.1179,-4.0741,false,0.3461,6328.2287
all_adults,sacco,age_group,18-25,3997,7869764.6248,269294.1682,0.0342,7600470.4566,0.1168,-8.2624,false,0.7072,650042.558
all_adults,sacco,education,None,3021,2745941.3393,54321.4623,0.0198,2691619.877,0.1168,-9.706,false,0.8305,266356.3099
all_adults,sacco,education,Some primary,3567,4602544.3325,322635.9653,0.0701,4279908.3671,0.1168,-4.6743,false,0.3998,214938.8203
all_adults,sacco,education,Primary completed,3802,5223129.3508,446289.331,0.0854,4776840.0197,0.1168,-3.1398,false,0.2688,164006.2616
all_adults,sacco,education,Some secondary,2045,3187036.4105,210063.7632,0.0659,2976972.6473,0.1168,-5.0931,false,0.4358,162220.1533
all_adults,sacco,county,Kakamega,539,1006907.1142,32944.5475,0.0327,973962.5667,0.1168,-8.4124,false,0.72,84680.8883
all_adults,sacco,county,Machakos,477,911529.1895,53722.5895,0.0589,857806.6,0.1168,-5.7906,false,0.4957,52777.5401
all_adults,sacco,county,Migori,511,583081.0312,17333.5767,0.0297,565747.4544,0.1168,-8.7115,false,0.7457,50786.3578
all_adults,sacco,county,Homabay,462,594237.141,21394.5656,0.036,572842.5753,0.1168,-8.0839,false,0.6918,48014.361
all_adults,sacco,county,Garissa,282,427934.5739,3769.378,0.0088,424165.1959,0.1168,-10.8034,false,0.9247,46216.934
all_adults,sacco,county,Turkana,388,486734.4692,12461.4542,0.0256,474273.015,0.1168,-9.124,false,0.7808,44390.1836
all_adults,sacco,county,Trans Nzoia,149,534486.2565,19397.6943,0.0363,515088.5623,0.1168,-8.055,false,0.6892,43026.1436
all_adults,sacco,county,Mandera,348,360658.6492,390.5142,0.0011,360268.135,0.1168,-11.576,false,0.9906,41728.2057
all_adults,sacco,county,Kisumu,489,674363.2225,37890.9158,0.0562,636472.3067,0.1168,-6.0655,false,0.5188,40866.4113
all_adults,sacco,education,Some university,344,842415.4256,57980.2722,0.0688,784435.1534,0.1168,-4.8016,false,0.411,40435.9404
all_adults,sacco,county,Siaya,393,548128.5248,24882.6005,0.0454,523245.9243,0.1168,-7.1447,false,0.6113,39136.3767
all_adults,sacco,county,Kitui,396,645462.4421,36926.6734,0.0572,608535.7688,0.1168,-5.9633,false,0.5103,38469.5615
all_adults,sacco,county,Wajir,376,364640.4097,4601.3558,0.0126,360039.0539,0.1168,-10.4224,false,0.8921,37995.5307
all_adults,sacco,county,Makueni,440,596725.5193,33298.6758,0.0558,563426.8435,0.1168,-6.104,false,0.5223,36400.2567
all_adults,sacco,county,Busia,369,481049.2494,23190.066,0.0482,457859.1834,0.1168,-6.8635,false,0.5873,32999.9785
all_adults,sacco,county,Kajiado,404,722562.6998,52597.5464,0.0728,669965.1534,0.1168,-4.405,false,0.3767,31792.7588
all_adults,sacco,county,Mombasa,412,836395.571,66006.6729,0.0789,770388.898,0.1168,-3.7925,false,0.3245,31699.3921
all_adults,sacco,county,Bungoma,495,854632.3786,70717.7369,0.0827,783914.6417,0.1168,-3.4096,false,0.292,29142.9641
all_adults,sacco,county,Kilifi,504,806712.7777,65555.6771,0.0813,741157.1006,0.1168,-3.558,false,0.3039,28638.3036
all_adults,sacco,county,West Pokot,349,287831.4883,12024.7087,0.0418,275806.7796,0.1168,-7.5066,false,0.6421,21587.3616
all_adults,sacco,county,Kwale,359,463991.5198,34037.7971,0.0734,429953.7228,0.1168,-4.3484,false,0.3716,20137.232
all_adults,sacco,county,Vihiga,403,332080.8641,22115.7737,0.0666,309965.0904,0.1168,-5.0245,false,0.4298,16670.4594
all_adults,sacco,county,Marsabit,341,229903.1829,10290.5316,0.0448,219612.6513,0.1168,-7.2082,false,0.6164,16553.0292
all_adults,sacco,county,Tana River,307,162130.6529,3386.8949,0.0209,158743.758,0.1168,-9.5953,false,0.8211,15548.3296
all_adults,sacco,county,Lamu,239,93092.0178,1223.8212,0.0131,91868.1966,0.1168,-10.3696,false,0.8878,9653.6422
all_adults,sacco,county,Taita-Taveta,374,217575.7223,17604.6419,0.0809,199971.0804,0.1168,-3.593,false,0.3074,7810.9684
all_adults,savings,education,None,3021,2745941.3393,1052410.6782,0.3833,1693530.6611,0.681,-29.7744,false,0.4372,817466.7367
all_adults,savings,age_group,Above 55,3905,4016548.4641,2287532.3754,0.5695,1729016.0887,0.681,-11.1477,false,0.1637,447845.1537
all_adults,savings,education,Some primary,3567,4602544.3325,2815871.3943,0.6118,1786672.9382,0.681,-6.9197,false,0.1016,318496.0678
all_adults,savings,county,Garissa,282,427934.5739,101409.4186,0.237,326525.1552,0.681,-44.403,false,0.652,190002.9508
all_adults,savings,county,Wajir,376,364640.4097,90729.4804,0.2488,273910.9293,0.681,-43.2185,false,0.6347,157597.5851
all_adults,savings,county,Mandera,348,360658.6492,123288.0384,0.3418,237370.6108,0.681,-33.9163,false,0.4981,122335.4138
all_adults,savings,county,Trans Nzoia,149,534486.2565,243200.7105,0.455,291285.5461,0.681,-22.5987,false,0.3319,120793.894
all_adults,savings,county,Mombasa,412,836395.571,458603.6592,0.5483,377791.9118,0.681,-13.2695,false,0.1949,110989.6923
all_adults,savings,county,Turkana,388,486734.4692,243691.5164,0.5007,243042.9527,0.681,-18.0338,false,0.2648,87758.2248
all_adults,savings,county,Kitui,396,645462.4421,353568.9782,0.5478,291893.4639,0.681,-13.3228,false,0.1956,85975.5973
all_adults,savings,county,Kilifi,504,806712.7777,465687.5394,0.5773,341025.2383,0.681,-10.3739,false,0.1523,83656.115
all_adults,savings,county,Narok,385,577188.7596,317861.8393,0.5507,259326.9203,0.681,-13.0297,false,0.1913,75207.6954
all_adults,savings,county,Tana River,307,162130.6529,41340.4277,0.255,120790.2252,0.681,-42.6022,false,0.6256,69067.6581
all_adults,savings,county,Migori,511,583081.0312,334340.4425,0.5734,248740.5886,0.681,-10.7601,false,0.158,62739.519
all_adults,savings,county,Nyamira,463,350968.5193,181424.3805,0.5169,169544.1388,0.681,-16.4079,false,0.241,57593.934
all_adults,savings,county,Meru,611,957274.1252,595578.2948,0.6222,361695.8304,0.681,-5.8844,false,0.0863,56287.7186
all_adults,savings,county,Lamu,239,93092.0178,25426.0367,0.2731,67665.9811,0.681,-40.7876,false,0.599,37972.2341
all_adults,savings,county,Makueni,440,596725.5193,368735.2209,0.6179,227990.2984,0.681,-6.3073,false,0.0927,37653.3803
all_adults,savings,county,Taita-Taveta,374,217575.7223,112008.6625,0.5148,105567.0598,0.681,-16.6201,false,0.2441,36161.085
all_adults,savings,county,Marsabit,341,229903.1829,128640.3536,0.5595,101262.8292,0.681,-12.1463,false,0.1784,27933.2367
all_adults,savings,county,West Pokot,349,287831.4883,176434.3211,0.613,111397.1672,0.681,-6.8026,false,0.0999,19572.5412
mobile_money_users,any_access,age_group,18-25,3323,6503476.3942,5714588.3569,0.8787,788888.0373,0.9589,-8.0215,false,0.0836,521578.8068
mobile_money_users,any_access,education,Some secondary,1719,2578518.0953,2309303.7008,0.8956,269214.3945,0.9589,-6.3319,false,0.066,163220.1954
mobile_money_users,any_access,county,Migori,468,533242.1334,461980.7338,0.8664,71261.3996,0.9589,-9.2551,false,0.0965,49324.8973
mobile_money_users,any_access,county,Kwale,331,414567.5445,374744.672,0.9039,39822.8726,0.9589,-5.4972,false,0.0574,22801.2149
mobile_money_users,bank,sex,Female,10385,12867512.7461,6560568.6849,0.5099,6306944.0611,0.5757,-6.5805,false,0.1143,846682.3387
mobile_money_users,bank,education,None,2288,2042966.9551,380697.6189,0.1863,1662269.3361,0.5757,-38.9315,false,0.6764,795531.3323
mobile_money_users,bank,education,Some primary,3019,3882902.0469,1588566.329,0.4091,2294335.7179,0.5757,-16.6542,false,0.2894,646891.481
mobile_money_users,bank,age_group,18-25,3323,6503476.3942,3323598.478,0.511,3179877.9162,0.5757,-6.4611,false,0.1124,420774.9227
mobile_money_users,bank,education,Primary completed,3490,4735238.0755,2368689.1888,0.5002,2366548.8867,0.5757,-7.5434,false,0.1311,357510.4747
mobile_money_users,bank,age_group,Above 55,3163,3270348.2717,1552825.2024,0.4748,1717523.0693,0.5757,-10.0841,false,0.1753,329978.1406
mobile_money_users,bank,education,Some secondary,1719,2578518.0953,1261015.4658,0.489,1317502.6295,0.5757,-8.6614,false,0.1506,223557.5189
mobile_money_users,bank,county,Wajir,329,315898.7806,76837.5496,0.2432,239061.231,0.5757,-33.2425,false,0.5776,105036.3445
mobile_money_users,bank,county,Kilifi,431,694461.2426,295193.3953,0.4251,399267.8472,0.5757,-15.0592,false,0.2616,104585.8631
mobile_money_users,bank,county,Garissa,251,383165.5278,118276.1434,0.3087,264889.3843,0.5757,-26.6979,false,0.4638,102305.1959
mobile_money_users,bank,county,Mandera,327,328065.6663,86858.5924,0.2648,241207.0739,0.5757,-31.09,false,0.54,101995.6157
mobile_money_users,bank,county,Migori,468,533242.1334,217287.1209,0.4075,315955.0125,0.5757,-16.8177,false,0.2922,89691.3268
mobile_money_users,bank,county,Kwale,331,414567.5445,169262.2086,0.4083,245305.3359,0.5757,-16.7374,false,0.2908,69398.6069
mobile_money_users,bank,county,Turkana,264,326967.9497,122281.7588,0.374,204686.1909,0.5757,-20.1673,false,0.3504,65949.4355
mobile_money_users,bank,county,Marsabit,304,195822.1856,48893.8845,0.2497,146928.3011,0.5757,-32.5975,false,0.5663,63838.0325
mobile_money_users,bank,county,Homabay,413,533415.6445,249972.5436,0.4686,283443.1009,0.5757,-10.7034,false,0.186,57128.8155
mobile_money_users,bank,county,Narok,315,469314.2314,221663.0559,0.4723,247651.1755,0.5757,-10.3348,false,0.1796,48527.0915
mobile_money_users,bank,county,Bungoma,454,780142.2781,401299.3523,0.5144,378842.9258,0.5757,-6.1268,false,0.1065,47822.7216
mobile_money_users,bank,county,Kitui,357,543162.4813,270515.7566,0.498,272646.7247,0.5757,-7.7622,false,0.135,42203.7248
mobile_money_users,bank,county,Siaya,346,491050.0355,245124.7078,0.4992,245925.3277,0.5757,-7.6475,false,0.1329,37565.3277
mobile_money_users,bank,county,West Pokot,183,142741.9684,47532.0457,0.333,95209.9227,0.5757,-24.2667,false,0.4216,34643.4757
mobile_money_users,bank,county,Tana River,255,137706.8288,45040.8324,0.3271,92665.9964,0.5757,-24.8583,false,0.4318,34233.9176
mobile_money_users,bank,county,Nyamira,415,301507.1512,144687.4187,0.4799,156819.7325,0.5757,-9.578,false,0.1664,28884.3851
mobile_money_users,bank,county,Tharaka-Nithi,353,220764.7332,106035.0119,0.4803,114729.7214,0.5757,-9.5352,false,0.1657,21060.9555
mobile_money_users,bank,county,Lamu,214,83476.2553,30475.0684,0.3651,53001.1869,0.5757,-21.0586,false,0.3658,17580.0994
mobile_money_users,bank,county,Samburu,251,133512.53,60762.1023,0.4551,72750.4277,0.5757,-12.0556,false,0.2095,16101.6111
mobile_money_users,bank,county,Baringo,251,243847.9608,125757.32,0.5157,118090.6408,0.5757,-5.994,false,0.1042,14630.8776
mobile_money_users,bank,county,Isiolo,257,142006.2323,70235.0017,0.4946,71771.2306,0.5757,-8.1069,false,0.1409,11516.7054
mobile_money_users,digital_credit,age_group,18-25,3323,6503476.3942,100569.2005,0.0155,6402907.1937,0.0265,-1.104,false,0.4151,71538.2403
mobile_money_users,digital_credit,education,Some primary,3019,3882902.0469,38423.1504,0.0099,3844478.8965,0.0265,-1.6609,false,0.6264,64456.174
mobile_money_users,digital_credit,age_group,Above 55,3163,3270348.2717,23623.6612,0.0072,3246724.6105,0.0265,-1.928,false,0.7283,63117.7216
mobile_money_users,digital_credit,education,None,2288,2042966.9551,320.1253,0.0002,2042646.8297,0.0265,-2.6347,false,0.9925,53730.0309
mobile_money_users,digital_credit,education,Primary completed,3490,4735238.0755,72435.2773,0.0153,4662802.7982,0.0265,-1.1207,false,0.4226,53034.6664
mobile_money_users,digital_credit,education,Some secondary,1719,2578518.0953,41004.0596,0.0159,2537514.0357,0.0265,-1.0602,false,0.4,27332.2918
mobile_money_users,digital_credit,age_group,46-55,2348,2788355.4328,47472.6878,0.017,2740882.745,0.0265,-0.9479,false,0.3585,26489.3766
mobile_money_users,digital_credit,county,Kisii,432,636565.9919,3645.1069,0.0057,632920.8849,0.0265,-2.0778,false,0.7849,13240.5726
mobile_money_users,digital_credit,county,Makueni,412,549977.5743,2164.5381,0.0039,547813.0362,0.0265,-2.2568,false,0.8528,12429.4932
mobile_money_users,digital_credit,county,Siaya,346,491050.0355,2151.6614,0.0044,488898.3741,0.0265,-2.2122,false,0.834,10852.2058
mobile_money_users,digital_credit,county,Machakos,435,819564.6677,11232.7481,0.0137,808331.9196,0.0265,-1.2798,false,0.483,10490.4277
mobile_money_users,digital_credit,county,Garissa,251,383165.5278,309.6114,0.0008,382855.9164,0.0265,-2.5696,false,0.9698,9847.3541
mobile_money_users,digital_credit,county,Mandera,327,328065.6663,0.0,0.0,328065.6663,0.0265,-2.6504,false,1.0,8693.7402
mobile_money_users,digital_credit,county,Bungoma,454,780142.2781,12177.3456,0.0156,767964.9325,0.0265,-1.0895,false,0.4113,8503.5508
mobile_money_users,digital_credit,county,Homabay,413,533415.6445,6429.1658,0.0121,526986.4786,0.0265,-1.4451,false,0.5434,7681.1853
mobile_money_users,digital_credit,county,Kitui,357,543162.4813,6721.436,0.0124,536441.0453,0.0265,-1.4129,false,0.5321,7658.591
mobile_money_users,digital_credit,county,Kilifi,431,694461.2426,11314.3156,0.0163,683146.9269,0.0265,-1.0212,false,0.3849,7083.5047
mobile_money_users,digital_credit,county,Murang'a,434,605445.7805,9256.1241,0.0153,596189.6565,0.0265,-1.1216,false,0.4226,6780.9927
mobile_money_users,digital_credit,county,Meru,549,845715.439,15679.8696,0.0185,830035.5694,0.0265,-0.7964,false,0.3019,6765.7235
mobile_money_users,digital_credit,county,Kakamega,478,892486.2196,16957.2014,0.019,875529.0182,0.0265,-0.7504,false,0.283,6693.6466
mobile_money_users,digital_credit,county,Turkana,264,326967.9497,2845.579,0.0087,324122.3708,0.0265,-1.7801,false,0.6717,5820.0295
mobile_money_users,digital_credit,county,Nyamira,415,301507.1512,2498.7577,0.0083,299008.3935,0.0265,-1.8216,false,0.6868,5487.4302
mobile_money_users,digital_credit,county,Laikipia,332,282919.7942,2207.2885,0.0078,280712.5057,0.0265,-1.8702,false,0.7057,5290.6002
mobile_money_users,digital_credit,county,Marsabit,304,195822.1856,0.0,0.0,195822.1856,0.0265,-2.6504,false,1.0,5189.2879
mobile_money_users,digital_credit,county,Nyandarua,383,368064.9968,4722.5205,0.0128,363342.4763,0.0265,-1.3673,false,0.517,5042.4905
mobile_money_users,digital_credit,county,Taita-Taveta,360,208819.3288,961.2016,0.0046,207858.1271,0.0265,-2.1901,false,0.8264,4573.1433
mobile_money_users,digital_credit,county,Kirinyaga,473,409708.661,6712.3843,0.0164,402996.2767,0.0265,-1.0121,false,0.3811,4138.0575
mobile_money_users,digital_credit,county,Tana River,255,137706.8288,0.0,0.0,137706.8288,0.0265,-2.6504,false,1.0,3649.231
mobile_money_users,digital_credit,county,Kwale,331,414567.5445,7340.573,0.0177,407226.9715,0.0265,-0.8797,false,0.3321,3648.1944
mobile_money_users,digital_credit,county,Bomet,439,412883.9028,7291.988,0.0177,405591.9148,0.0265,-0.8843,false,0.3321,3633.3783
mobile_money_users,digital_credit,county,Samburu,251,133512.53,82.2409,0.0006,133430.2891,0.0265,-2.5888,false,0.9774,3457.9745
mobile_money_users,digital_credit,county,Wajir,329,315898.7806,4981.1125,0.0158,310917.6681,0.0265,-1.0736,false,0.4038,3380.117
mobile_money_users,digital_credit,county,Busia,310,392366.9701,7288.7109,0.0186,385078.2592,0.0265,-0.7928,false,0.2981,3099.6991
mobile_money_users,digital_credit,county,Embu,447,391709.9462,7481.1488,0.0191,384228.7974,0.0265,-0.7405,false,0.2792,2898.6536
mobile_money_users,digital_credit,county,Isiolo,257,142006.2323,865.9494,0.0061,141140.2829,0.0265,-2.0406,false,0.7698,2896.9271
mobile_money_users,digital_credit,county,West Pokot,183,142741.9684,1471.8794,0.0103,141270.089,0.0265,-1.6193,false,0.6113,2312.4199
mobile_money_users,digital_credit,county,Lamu,214,83476.2553,0.0,0.0,83476.2553,0.0265,-2.6504,false,1.0,2212.1208
mobile_money_users,formal_access,age_group,18-25,3323,6503476.3942,5352185.0853,0.823,1151291.3089,0.9303,-10.7336,false,0.1153,697823.0171
mobile_money_users,formal_access,education,Some secondary,1719,2578518.0953,2172409.8532,0.8425,406108.2421,0.9303,-8.7806,false,0.0944,226393.8888
mobile_money_users,formal_access,county,Migori,468,533242.1334,424282.7008,0.7957,108959.4326,0.9303,-13.4643,false,0.1447,71774.3912
mobile_money_users,formal_access,county,Bungoma,454,780142.2781,657631.9906,0.843,122510.2875,0.9303,-8.7345,false,0.0938,68106.4209
mobile_money_users,formal_access,county,Kakamega,478,892486.2196,772340.8679,0.8654,120145.3517,0.9303,-6.4928,false,0.0698,57922.3557
mobile_money_users,formal_access,county,Narok,315,469314.2314,409475.6755,0.8725,59838.5559,0.9303,-5.7811,false,0.0621,27126.3626
mobile_money_users,formal_access,county,Kwale,331,414567.5445,363506.8151,0.8768,51060.7295,0.9303,-5.3475,false,0.0575,22179.3636
mobile_money_users,insurance,sex,Female,10385,12867512.7461,2268924.909,0.1763,10598587.8371,0.2417,-6.5394,false,0.2706,841535.3336
mobile_money_users,insurance,age_group,18-25,3323,6503476.3942,827832.405,0.1273,5675643.9892,0.2417,-11.4433,false,0.4733,743997.6995
mobile_money_users,insurance,education,Some primary,3019,3882902.0469,498301.4128,0.1283,3384600.6341,0.2417,-11.3392,false,0.4692,440321.0921
mobile_money_users,insurance,education,Primary completed,3490,4735238.0755,751252.6397,0.1587,3983985.4357,0.2417,-8.3073,false,0.3434,393024.7603
mobile_money_users,insurance,education,None,2288,2042966.9551,136736.7929,0.0669,1906230.1622,0.2417,-17.4794,false,0.7232,357110.6238
mobile_money_users,insurance,education,Some secondary,1719,2578518.0953,423049.6144,0.1641,2155468.4808,0.2417,-7.7657,false,0.3211,200093.0042
mobile_money_users,insurance,county,Kakamega,478,892486.2196,134344.5338,0.1505,758141.6858,0.2417,-9.1196,false,0.3773,81394.7432
mobile_money_users,insurance,county,Kitui,357,543162.4813,55798.7967,0.1027,487363.6846,0.2417,-13.8995,false,0.5751,75499.5849
mobile_money_users,insurance,county,Makueni,412,549977.5743,63432.5582,0.1153,486545.0162,0.2417,-12.6388,false,0.523,69517.1654
mobile_money_users,insurance,county,Mombasa,399,817042.0297,144376.7569,0.1767,672665.2728,0.2417,-6.5018,false,0.2689,53107.7319
mobile_money_users,insurance,county,Garissa,251,383165.5278,39589.1832,0.1033,343576.3445,0.2417,-13.8403,false,0.5726,53030.109
mobile_money_users,insurance,county,Wajir,329,315898.7806,25877.4389,0.0819,290021.3417,0.2417,-15.9807,false,0.6612,50480.6251
mobile_money_users,insurance,county,Kilifi,431,694461.2426,117429.6728,0.1691,577031.5697,0.2417,-7.263,false,0.3004,50417.8862
mobile_money_users,insurance,county,Bungoma,454,780142.2781,138227.7765,0.1772,641914.5016,0.2417,-6.4541,false,0.2669,50319.1769
mobile_money_users,insurance,county,Siaya,346,491050.0355,69543.108,0.1416,421506.9275,0.2417,-10.0103,false,0.4141,49154.1086
mobile_money_users,insurance,education,Some technical training after secondary school,471,831876.8994,157512.0781,0.1893,674364.8213,0.2417,-5.2379,false,0.2168,43590.3495
mobile_money_users,insurance,county,Migori,468,533242.1334,88167.3722,0.1653,445074.7612,0.2417,-7.6382,false,0.3161,40739.699
mobile_money_users,insurance,county,Turkana,264,326967.9497,42368.0136,0.1296,284599.9361,0.2417,-11.2146,false,0.4638,36653.1072
mobile_money_users,insurance,county,Kwale,331,414567.5445,63992.4773,0.1544,350575.0672,0.2417,-8.7365,false,0.3612,36191.7466
mobile_money_users,insurance,county,Busia,310,392366.9701,61756.6855,0.1574,330610.2845,0.2417,-8.4329,false,0.3488,33076.5356
mobile_money_users,insurance,county,Homabay,413,533415.6445,96387.8602,0.1807,437027.7843,0.2417,-6.1025,false,0.2524,32538.3543
mobile_money_users,insurance,county,Mandera,327,328065.6663,48696.1076,0.1484,279369.5587,0.2417,-9.329,false,0.386,30608.5267
mobile_money_users,insurance,county,Marsabit,304,195822.1856,19434.9542,0.0992,176387.2314,0.2417,-14.2476,false,0.5896,27904.6614
mobile_money_users,insurance,county,Tana River,255,137706.8288,9460.9063,0.0687,128245.9225,0.2417,-17.3021,false,0.7158,23823.2814
mobile_money_users,insurance,county,Baringo,251,243847.9608,39124.0052,0.1604,204723.9556,0.2417,-8.128,false,0.3364,19824.8392
mobile_money_users,insurance,county,Vihiga,345,274350.9342,48127.7253,0.1754,226223.209,0.2417,-6.63,false,0.2743,18189.4669
mobile_money_users,insurance,county,West Pokot,183,142741.9684,20168.3162,0.1413,122573.6522,0.2417,-10.0432,false,0.4154,14331.2936
mobile_money_users,insurance,county,Taita-Taveta,360,208819.3288,36772.6318,0.1761,172046.6969,0.2417,-6.5626,false,0.2714,13698.548
mobile_money_users,insurance,county,Lamu,214,83476.2553,7288.8479,0.0873,76187.4073,0.2417,-15.4408,false,0.6388,12888.7338
mobile_money_users,insurance,county,Samburu,251,133512.53,21505.521,0.1611,112007.009,0.2417,-8.0649,false,0.3335,10761.1099
mobile_money_users,loan,age_group,18-25,3323,6503476.3942,3694001.9789,0.568,2809474.4153,0.6809,-11.2915,false,0.1658,734242.4849
mobile_money_users,loan,age_group,Above 55,3163,3270348.2717,1766912.4488,0.5403,1503435.8229,0.6809,-14.0637,false,0.2065,459810.967
mobile_money_users,loan,education,None,2288,2042966.9551,1007209.8947,0.493,1035757.0604,0.6809,-18.7906,false,0.276,383873.4909
mobile_money_users,loan,county,Garissa,251,383165.5278,189218.7709,0.4938,193946.7568,0.6809,-18.7089,false,0.2748,71690.2703
mobile_money_users,loan,county,Wajir,329,315898.7806,153558.1187,0.4861,162340.6619,0.6809,-19.482,false,0.2861,61537.0825
mobile_money_users,loan,county,Kitui,357,543162.4813,313663.3789,0.5775,229499.1024,0.6809,-10.3443,false,0.1519,56163.0006
mobile_money_users,loan,county,Mandera,327,328065.6663,176659.1158,0.5385,151406.5505,0.6809,-14.2432,false,0.2091,46716.5509
mobile_money_users,loan,county,Narok,315,469314.2314,276781.9845,0.5898,192532.2469,0.6809,-9.1161,false,0.1338,42754.5265
mobile_money_users,loan,county,Marsabit,304,195822.1856,95184.397,0.4861,100637.7886,0.6809,-19.4844,false,0.2861,38146.1618
mobile_money_users,loan,county,Kwale,331,414567.5445,244524.3133,0.5898,170043.2312,0.6809,-9.1089,false,0.1338,37767.1033
mobile_money_users,loan,county,Kirinyaga,473,409708.661,242103.9841,0.5909,167604.677,0.6809,-9.0002,false,0.1322,36873.7795
mobile_money_users,loan,county,Kisumu,457,635566.7881,400104.4471,0.6295,235462.341,0.6809,-5.1395,false,0.0755,32668.1329
mobile_money_users,loan,county,Tana River,255,137706.8288,61378.7119,0.4457,76328.1169,0.6809,-23.5199,false,0.3454,32388.6461
mobile_money_users,loan,county,Nyamira,415,301507.1512,173329.4487,0.5749,128177.7025,0.6809,-10.6042,false,0.1557,31959.758
mobile_money_users,loan,county,Makueni,412,549977.5743,342872.6624,0.6234,207104.9119,0.6809,-5.7489,false,0.0844,31623.7105
mobile_money_users,loan,county,Lamu,214,83476.2553,31001.1865,0.3714,52475.0688,0.6809,-30.9542,false,0.4545,25835.901
mobile_money_users,pension,sex,Female,10385,12867512.7461,1096225.7611,0.0852,11771286.985,0.1302,-4.4963,false,0.3456,579038.0736
mobile_money_users,pension,age_group,18-25,3323,6503476.3942,417733.3758,0.0642,6085743.0184,0.1302,-6.5924,false,0.5069,429229.442
mobile_money_users,pension,education,Primary completed,3490,4735238.0755,253562.5037,0.0535,4481675.5718,0.1302,-7.6608,false,0.5891,363192.7604
mobile_money_users,pension,education,Some primary,3019,3882902.0469,181042.461,0.0466,3701859.5859,0.1302,-8.353,false,0.6421,324610.6111
mobile_money_users,pension,education,None,2288,2042966.9551,14693.0447,0.0072,2028273.9103,0.1302,-12.2964,false,0.9447,251284.9355
mobile_money_users,pension,education,Some secondary,1719,2578518.0953,154923.3951,0.0601,2423594.7002,0.1302,-7.0074,false,0.5384,180754.1185
mobile_money_users,pension,age_group,Above 55,3163,3270348.2717,247731.0667,0.0758,3022617.205,0.1302,-5.4405,false,0.4178,177906.946
mobile_money_users,pension,county,Meru,549,845715.439,47352.7164,0.056,798362.7226,0.1302,-7.4165,false,0.5699,62752.0856
mobile_money_users,pension,county,Homabay,413,533415.6445,25924.0711,0.0486,507491.5733,0.1302,-8.1556,false,0.6267,43526.7166
mobile_money_users,pension,county,Kakamega,478,892486.2196,73310.2942,0.0821,819175.9254,0.1302,-4.8014,false,0.3694,42928.5872
mobile_money_users,pension,county,Mandera,327,328065.6663,3167.2795,0.0097,324898.3868,0.1302,-12.0502,false,0.9255,39531.9128
mobile_money_users,pension,county,Kitui,357,543162.4813,34729.2205,0.0639,508433.2608,0.1302,-6.6217,false,0.5092,36011.6725
mobile_money_users,pension,county,Wajir,329,315898.7806,6713.6933,0.0213,309185.0873,0.1302,-10.8903,false,0.8364,34401.3772
mobile_money_users,pension,county,Murang'a,434,605445.7805,45169.1758,0.0746,560276.6047,0.1302,-5.5551,false,0.427,33662.7854
mobile_money_users,pension,county,Makueni,412,549977.5743,41563.5399,0.0756,508414.0345,0.1302,-5.4583,false,0.4194,30028.7756
mobile_money_users,pension,county,Siaya,346,491050.0355,37106.6489,0.0756,453943.3866,0.1302,-5.459,false,0.4194,26811.3319
mobile_money_users,pension,county,Kisii,432,636565.9919,57243.9052,0.0899,579322.0866,0.1302,-4.023,false,0.3095,25653.6095
mobile_money_users,pension,county,Busia,310,392366.9701,27608.7908,0.0704,364758.1793,0.1302,-5.9791,false,0.4593,23463.5448
mobile_money_users,pension,county,Nyamira,415,301507.1512,17520.1889,0.0581,283986.9623,0.1302,-7.2047,false,0.5538,21738.6656
mobile_money_users,pension,county,Migori,468,533242.1334,48150.0802,0.0903,485092.0532,0.1302,-3.9859,false,0.3065,21276.3611
mobile_money_users,pension,county,Kwale,331,414567.5445,33840.0385,0.0816,380727.506,0.1302,-4.8529,false,0.3733,20147.9827
mobile_money_users,pension,county,Tharaka-Nithi,353,220764.7332,10184.3322,0.0461,210580.401,0.1302,-8.4024,false,0.6459,18566.3141
mobile_money_users,pension,county,Nyeri,427,504278.6935,48372.6074,0.0959,455906.0861,0.1302,-3.4232,false,0.2634,17296.7592
mobile_money_users,pension,county,Marsabit,304,195822.1856,8793.6937,0.0449,187028.4919,0.1302,-8.525,false,0.6551,16703.6324
mobile_money_users,pension,county,Garissa,251,383165.5278,37385.0354,0.0976,345780.4924,0.1302,-3.2587,false,0.2504,12491.1962
mobile_money_users,pension,county,Tana River,255,137706.8288,6007.8827,0.0436,131698.9461,0.1302,-8.6528,false,0.6651,11925.4114
mobile_money_users,pension,county,Vihiga,345,274350.9342,24649.4212,0.0898,249701.5131,0.1302,-4.031,false,0.3103,11083.7777
mobile_money_users,pension,county,Turkana,264,326967.9497,31638.7812,0.0968,295329.1685,0.1302,-3.3392,false,0.2565,10920.7295
mobile_money_users,pension,county,Baringo,251,243847.9608,23028.0449,0.0944,220819.9159,0.1302,-3.572,false,0.275,8729.757
mobile_money_users,pension,county,West Pokot,183,142741.9684,10760.1017,0.0754,131981.8667,0.1302,-5.4775,false,0.4209,7822.2599
mobile_money_users,pension,county,Lamu,214,83476.2553,3891.0552,0.0466,79585.2,0.1302,-8.3543,false,0.6421,6978.6149
mobile_money_users,pension,county,Samburu,251,133512.53,11965.923,0.0896,121546.607,0.1302,-4.0532,false,0.3118,5420.6087
mobile_money_users,sacco,age_group,18-25,3323,6503476.3942,265921.3354,0.0409,6237555.0588,0.1285,-8.764,false,0.6817,569704.5321
mobile_money_users,sacco,education,None,2288,2042966.9551,43018.3132,0.0211,1999948.6419,0.1285,-10.7472,false,0.8358,219414.651
mobile_money_users,sacco,education,Some primary,3019,3882902.0469,304334.4203,0.0784,3578567.6266,0.1285,-5.0151,false,0.3899,194533.3925
mobile_money_users,sacco,education,Primary completed,3490,4735238.0755,433546.9646,0.0916,4301691.1109,0.1285,-3.6972,false,0.2872,174730.285
mobile_money_users,sacco,education,Some secondary,1719,2578518.0953,204062.0605,0.0791,2374456.0348,0.1285,-4.939,false,0.3844,127378.7939
mobile_money_users,sacco,county,Kakamega,478,892486.2196,32944.5475,0.0369,859541.6721,0.1285,-9.1616,false,0.7128,81751.7377
mobile_money_users,sacco,county,Machakos,435,819564.6677,53722.5895,0.0656,765842.0782,0.1285,-6.2979,false,0.4895,51550.6176
mobile_money_users,sacco,county,Migori,468,533242.1334,17333.5767,0.0325,515908.5567,0.1285,-9.6023,false,0.7471,51191.2448
mobile_money_users,sacco,education,Some university,339,831764.7379,57980.2722,0.0697,773784.4657,0.1285,-5.8822,false,0.4576,48907.7666
mobile_money_users,sacco,county,Homabay,413,533415.6445,21394.5656,0.0401,512021.0788,0.1285,-8.8421,false,0.6879,47153.943
mobile_money_users,sacco,county,Garissa,251,383165.5278,3769.378,0.0098,379396.1498,0.1285,-11.8692,false,0.9237,45481.7481
mobile_money_users,sacco,county,Kisumu,457,635566.7881,37890.9158,0.0596,597675.8723,0.1285,-6.8912,false,0.5362,43790.5517
mobile_money_users,sacco,county,Mandera,327,328065.6663,390.5142,0.0012,327675.1521,0.1285,-12.7339,false,0.9907,41762.7593
mobile_money_users,sacco,county,Mombasa,399,817042.0297,66006.6729,0.0808,751035.3568,0.1285,-4.7742,false,0.3712,38972.9048
mobile_money_users,sacco,county,Siaya,346,491050.0355,24386.3261,0.0497,466663.7094,0.1285,-7.8868,false,0.6132,38694.7428
mobile_money_users,sacco,county,Makueni,412,549977.5743,33298.6758,0.0605,516678.8985,0.1285,-6.7984,false,0.5292,37398.4751
mobile_money_users,sacco,county,Wajir,329,315898.7806,4601.3558,0.0146,311297.4248,0.1285,-11.3963,false,0.8864,35980.8711
mobile_money_users,sacco,county,Kitui,357,543162.4813,36926.6734,0.068,506235.808,0.1285,-6.0545,false,0.4708,32861.3301
mobile_money_users,sacco,county,Trans Nzoia,121,406380.6097,19397.6943,0.0477,386982.9154,0.1285,-8.0796,false,0.6288,32835.5533
mobile_money_users,sacco,county,Kajiado,363,652420.1931,52597.5464,0.0806,599822.6466,0.1285,-4.791,false,0.3728,31250.9272
mobile_money_users,sacco,county,Bungoma,454,780142.2781,70717.7369,0.0906,709424.5411,0.1285,-3.7882,false,0.2949,29567.3923
mobile_money_users,sacco,county,Turkana,264,326967.9497,12461.4542,0.0381,314506.4956,0.1285,-9.0417,false,0.7035,29557.9027
mobile_money_users,sacco,county,Busia,310,392366.9701,23190.066,0.0591,369176.9041,0.1285,-6.9426,false,0.5401,27230.2677
mobile_money_users,sacco,county,Kilifi,431,694461.2426,65555.6771,0.0944,628905.5655,0.1285,-3.4131,false,0.2654,23681.1284
mobile_money_users,sacco,county,Kwale,331,414567.5445,34037.7971,0.0821,380529.7475,0.1285,-4.6425,false,0.3611,19235.9341
mobile_money_users,sacco,county,Marsabit,304,195822.1856,10290.5316,0.0526,185531.654,0.1285,-7.5979,false,0.5907,14862.9039
mobile_money_users,sacco,county,Tana River,255,137706.8288,3193.6936,0.0232,134513.1352,0.1285,-10.5337,false,0.8195,14500.5291
mobile_money_users,sacco,county,Vihiga,345,274350.9342,22115.7737,0.0806,252235.1606,0.1285,-4.7918,false,0.3728,13141.4097
mobile_money_users,sacco,county,Lamu,214,83476.2553,1223.8212,0.0147,82252.4341,0.1285,-11.3868,false,0.8856,9499.5979
mobile_money_users,sacco,county,Taita-Taveta,360,208819.3288,17604.6419,0.0843,191214.6868,0.1285,-4.4224,false,0.344,9229.8143
mobile_money_users,sacco,county,West Pokot,183,142741.9684,9957.2154,0.0698,132784.753,0.1285,-5.8772,false,0.4568,8378.9535
mobile_money_users,savings,education,None,2288,2042966.9551,869398.4002,0.4256,1173568.5549,0.7243,-29.8725,false,0.4124,610234.2295
mobile_money_users,savings,age_group,Above 55,3163,3270348.2717,2048553.8631,0.6264,1221794.4086,0.7243,-9.788,false,0.1352,320167.0958
mobile_money_users,savings,education,Some primary,3019,3882902.0469,2549450.2481,0.6566,1333451.7988,0.7243,-6.7698,false,0.0935,262872.4686
mobile_money_users,savings,county,Garissa,251,383165.5278,100535.4769,0.2624,282630.0508,0.7243,-46.1901,false,0.6377,176984.1573
mobile_money_users,savings,county,Mombasa,399,817042.0297,453612.6649,0.5552,363429.3648,0.7243,-16.9093,false,0.2335,138161.8072
mobile_money_users,savings,county,Wajir,329,315898.7806,90729.4804,0.2872,225169.3002,0.7243,-43.7072,false,0.6035,138079.357
mobile_money_users,savings,county,Mandera,327,328065.6663,116097.1336,0.3539,211968.5327,0.7243,-37.0398,false,0.5114,121515.5228
mobile_money_users,savings,county,Kilifi,431,694461.2426,426610.5824,0.6143,267850.6602,0.7243,-10.9978,false,0.1519,76390.7367
mobile_money_users,savings,county,Nakuru,501,1220032.1783,819806.8513,0.672,400225.3271,0.7243,-5.2327,false,0.0722,63807.6829
mobile_money_users,savings,county,Migori,468,533242.1334,324664.5294,0.6089,208577.604,0.7243,-11.5432,false,0.1593,61536.1422
mobile_money_users,savings,county,Tana River,255,137706.8288,38878.3232,0.2823,98828.5056,0.7243,-44.1955,false,0.6102,60866.4183
mobile_money_users,savings,county,Meru,549,845715.439,552724.3876,0.6536,292991.0514,0.7243,-7.0724,false,0.0976,59792.0815
mobile_money_users,savings,county,Trans Nzoia,121,406380.6097,235038.6924,0.5784,171341.9173,0.7243,-14.5911,false,0.2014,59290.931
mobile_money_users,savings,county,Kitui,357,543162.4813,338694.2085,0.6236,204468.2729,0.7243,-10.0723,false,0.139,54696.4619
mobile_money_users,savings,county,Nyamira,415,301507.1512,171093.7339,0.5675,130413.4174,0.7243,-15.6821,false,0.2165,47276.3213
mobile_money_users,savings,county,Narok,315,469314.2314,297140.9507,0.6331,172173.2807,0.7243,-9.1144,false,0.1259,42801.4579
mobile_money_users,savings,county,Taita-Taveta,360,208819.3288,110814.108,0.5307,98005.2207,0.7243,-19.3612,false,0.2673,40427.4221
mobile_money_users,savings,county,Makueni,412,549977.5743,360290.3377,0.6551,189687.2366,0.7243,-6.9182,false,0.0955,38058.4481
mobile_money_users,savings,county,Lamu,214,83476.2553,25260.4939,0.3026,58215.7614,0.7243,-42.1675,false,0.5822,35201.9369
mobile_money_users,savings,county,Marsabit,304,195822.1856,121206.4411,0.619,74615.7445,0.7243,-10.532,false,0.1454,20620.0761
